seed,method,classifier,macro_f1,accuracy,precision_macro,recall_macro,fit_time_seconds,predict_time_seconds,total_time_seconds,classifier_only_total_time_seconds,reduction_runtime_seconds,input_feature_count,output_feature_count,feature_reduction_ratio,ga_variant,ga_best_cv_macro_f1,fitness_classifier,fitness_metric,population_size,generations,cxpb,mutpb,mutation_indpb,tournament_size,nca_components
42,baseline,Logistic Regression,0.933538,0.92141,0.935383,0.932149,0.495034,0.000709,0.495743,0.495743,0.0,16,16,0.0,,,,,,,,,,,
42,baseline,Random Forest,0.932108,0.919941,0.933855,0.930563,11.483254,0.075662,11.558916,11.558916,0.0,16,16,0.0,,,,,,,,,,,
42,baseline,SVM,0.934297,0.922145,0.935937,0.932952,0.590945,0.337343,0.928288,0.928288,0.0,16,16,0.0,,,,,,,,,,,
42,vanilla_ga,Logistic Regression,0.932297,0.919941,0.93422,0.930796,0.135894,0.000573,76.337371,0.136467,76.200904,16,9,0.4375,vanilla_ga,0.93584,Logistic Regression,macro_f1_cv_3fold_with_subset_penalty,20,10,0.8,0.1,0.1,3,
42,vanilla_ga,Random Forest,0.934526,0.923246,0.936458,0.932816,8.731102,0.070494,85.0025,8.801596,76.200904,16,9,0.4375,vanilla_ga,0.93584,Logistic Regression,macro_f1_cv_3fold_with_subset_penalty,20,10,0.8,0.1,0.1,3,
42,vanilla_ga,SVM,0.93689,0.925083,0.938447,0.935599,0.567139,0.333366,77.101409,0.900505,76.200904,16,9,0.4375,vanilla_ga,0.93584,Logistic Regression,macro_f1_cv_3fold_with_subset_penalty,20,10,0.8,0.1,0.1,3,
42,improved_ga,Logistic Regression,0.933532,0.921043,0.935015,0.932521,0.232237,0.000617,74.416025,0.232854,74.18317,16,8,0.5,improved_ga,0.93615,Logistic Regression,macro_f1_cv_3fold_with_subset_penalty,20,10,0.8,0.1,0.2,5,
42,improved_ga,Random Forest,0.933026,0.921043,0.934886,0.931338,6.049316,0.075206,80.307693,6.124523,74.18317,16,8,0.5,improved_ga,0.93615,Logistic Regression,macro_f1_cv_3fold_with_subset_penalty,20,10,0.8,0.1,0.2,5,
42,improved_ga,SVM,0.937438,0.925817,0.939129,0.936002,0.539718,0.329504,75.052392,0.869222,74.18317,16,8,0.5,improved_ga,0.93615,Logistic Regression,macro_f1_cv_3fold_with_subset_penalty,20,10,0.8,0.1,0.2,5,
42,nca,Logistic Regression,0.93286,0.920676,0.934465,0.931687,15.542481,0.000702,273.415827,15.543183,257.872644,16,6,0.625,,,,,,,,,,,6
42,nca,Random Forest,0.936121,0.924715,0.937611,0.934715,6.095274,0.073421,264.041339,6.168695,257.872644,16,6,0.625,,,,,,,,,,,6
42,nca,SVM,0.932868,0.921043,0.934506,0.931412,0.423928,0.304238,258.60081,0.728166,257.872644,16,6,0.625,,,,,,,,,,,6
52,baseline,Logistic Regression,0.936193,0.924715,0.937251,0.935412,0.475248,0.000674,0.475923,0.475923,0.0,16,16,0.0,,,,,,,,,,,
52,baseline,Random Forest,0.933128,0.921777,0.935019,0.93136,11.353022,0.072758,11.42578,11.42578,0.0,16,16,0.0,,,,,,,,,,,
52,baseline,SVM,0.939726,0.926552,0.941703,0.937933,0.625748,0.335423,0.961171,0.961171,0.0,16,16,0.0,,,,,,,,,,,
52,vanilla_ga,Logistic Regression,0.937477,0.92545,0.938292,0.936845,0.225661,0.000638,73.450174,0.226299,73.223875,16,8,0.5,vanilla_ga,0.936295,Logistic Regression,macro_f1_cv_3fold_with_subset_penalty,20,10,0.8,0.1,0.1,3,
52,vanilla_ga,Random Forest,0.937005,0.924715,0.938662,0.935517,5.821062,0.073522,79.118459,5.894584,73.223875,16,8,0.5,vanilla_ga,0.936295,Logistic Regression,macro_f1_cv_3fold_with_subset_penalty,20,10,0.8,0.1,0.1,3,
52,vanilla_ga,SVM,0.941863,0.928755,0.943437,0.940458,0.545091,0.326204,74.09517,0.871295,73.223875,16,8,0.5,vanilla_ga,0.936295,Logistic Regression,macro_f1_cv_3fold_with_subset_penalty,20,10,0.8,0.1,0.1,3,
52,improved_ga,Logistic Regression,0.938028,0.926552,0.939088,0.937111,0.188316,0.00065,75.248764,0.188966,75.059798,16,8,0.5,improved_ga,0.935745,Logistic Regression,macro_f1_cv_3fold_with_subset_penalty,20,10,0.8,0.1,0.2,5,
52,improved_ga,Random Forest,0.936936,0.924715,0.938269,0.935717,5.981823,0.074207,81.115828,6.05603,75.059798,16,8,0.5,improved_ga,0.935745,Logistic Regression,macro_f1_cv_3fold_with_subset_penalty,20,10,0.8,0.1,0.2,5,
52,improved_ga,SVM,0.943081,0.930224,0.9446,0.941665,0.566188,0.343929,75.969915,0.910117,75.059798,16,8,0.5,improved_ga,0.935745,Logistic Regression,macro_f1_cv_3fold_with_subset_penalty,20,10,0.8,0.1,0.2,5,
52,nca,Logistic Regression,0.937469,0.925817,0.938059,0.937041,9.601454,0.000556,153.751442,9.602009,144.149433,16,6,0.625,,,,,,,,,,,6
52,nca,Random Forest,0.935632,0.923614,0.937767,0.933766,5.894063,0.077822,150.121318,5.971885,144.149433,16,6,0.625,,,,,,,,,,,6
52,nca,SVM,0.939932,0.927653,0.942177,0.937952,0.440803,0.309282,144.899518,0.750085,144.149433,16,6,0.625,,,,,,,,,,,6
62,baseline,Logistic Regression,0.932013,0.919941,0.934687,0.92967,0.509319,0.000702,0.510021,0.510021,0.0,16,16,0.0,,,,,,,,,,,
62,baseline,Random Forest,0.928683,0.917003,0.931899,0.925747,11.31683,0.071564,11.388394,11.388394,0.0,16,16,0.0,,,,,,,,,,,
62,baseline,SVM,0.936019,0.924348,0.938959,0.933372,0.594726,0.330367,0.925093,0.925093,0.0,16,16,0.0,,,,,,,,,,,
62,vanilla_ga,Logistic Regression,0.933283,0.92141,0.936189,0.930702,0.167381,0.000484,72.633243,0.167865,72.465379,16,9,0.4375,vanilla_ga,0.936342,Logistic Regression,macro_f1_cv_3fold_with_subset_penalty,20,10,0.8,0.1,0.1,3,
62,vanilla_ga,Random Forest,0.929507,0.917738,0.932895,0.926489,8.603363,0.07317,81.141911,8.676533,72.465379,16,9,0.4375,vanilla_ga,0.936342,Logistic Regression,macro_f1_cv_3fold_with_subset_penalty,20,10,0.8,0.1,0.1,3,
62,vanilla_ga,SVM,0.935807,0.923981,0.93843,0.933437,0.558067,0.31936,73.342806,0.877427,72.465379,16,9,0.4375,vanilla_ga,0.936342,Logistic Regression,macro_f1_cv_3fold_with_subset_penalty,20,10,0.8,0.1,0.1,3,
62,improved_ga,Logistic Regression,0.932085,0.919941,0.934934,0.929602,0.248821,0.000647,78.031541,0.249467,77.782073,16,9,0.4375,improved_ga,0.936201,Logistic Regression,macro_f1_cv_3fold_with_subset_penalty,20,10,0.8,0.1,0.2,5,
62,improved_ga,Random Forest,0.931745,0.919941,0.935308,0.928545,8.699011,0.068475,86.549559,8.767486,77.782073,16,9,0.4375,improved_ga,0.936201,Logistic Regression,macro_f1_cv_3fold_with_subset_penalty,20,10,0.8,0.1,0.2,5,
62,improved_ga,SVM,0.935271,0.923614,0.937925,0.932948,0.552552,0.326511,78.661137,0.879063,77.782073,16,9,0.4375,improved_ga,0.936201,Logistic Regression,macro_f1_cv_3fold_with_subset_penalty,20,10,0.8,0.1,0.2,5,
62,nca,Logistic Regression,0.936326,0.924348,0.938315,0.934539,9.522886,0.000637,370.795735,9.523522,361.272213,16,6,0.625,,,,,,,,,,,6
62,nca,Random Forest,0.937525,0.926919,0.940792,0.934702,6.061865,0.074332,367.40841,6.136197,361.272213,16,6,0.625,,,,,,,,,,,6
62,nca,SVM,0.935729,0.923981,0.938857,0.93295,0.42085,0.298421,361.991485,0.719272,361.272213,16,6,0.625,,,,,,,,,,,6
72,baseline,Logistic Regression,0.929566,0.91884,0.931725,0.927837,0.516106,0.000693,0.516799,0.516799,0.0,16,16,0.0,,,,,,,,,,,
72,baseline,Random Forest,0.929281,0.915902,0.931387,0.927315,11.450422,0.074016,11.524438,11.524438,0.0,16,16,0.0,,,,,,,,,,,
72,baseline,SVM,0.932162,0.920308,0.935559,0.92932,0.599903,0.328738,0.928641,0.928641,0.0,16,16,0.0,,,,,,,,,,,
72,vanilla_ga,Logistic Regression,0.92928,0.919207,0.931542,0.927503,0.189835,0.000505,78.508418,0.19034,78.318078,16,11,0.3125,vanilla_ga,0.936893,Logistic Regression,macro_f1_cv_3fold_with_subset_penalty,20,10,0.8,0.1,0.1,3,
72,vanilla_ga,Random Forest,0.928727,0.917003,0.930559,0.927019,8.773081,0.074958,87.166118,8.84804,78.318078,16,11,0.3125,vanilla_ga,0.936893,Logistic Regression,macro_f1_cv_3fold_with_subset_penalty,20,10,0.8,0.1,0.1,3,
72,vanilla_ga,SVM,0.930991,0.918472,0.933908,0.92847,0.604586,0.348978,79.271642,0.953564,78.318078,16,11,0.3125,vanilla_ga,0.936893,Logistic Regression,macro_f1_cv_3fold_with_subset_penalty,20,10,0.8,0.1,0.1,3,
72,improved_ga,Logistic Regression,0.929115,0.918472,0.930663,0.927854,0.136247,0.000532,69.313501,0.136779,69.176722,16,7,0.5625,improved_ga,0.937658,Logistic Regression,macro_f1_cv_3fold_with_subset_penalty,20,10,0.8,0.1,0.2,5,
72,improved_ga,Random Forest,0.932586,0.921043,0.934861,0.93049,6.068315,0.070591,75.315628,6.138906,69.176722,16,7,0.5625,improved_ga,0.937658,Logistic Regression,macro_f1_cv_3fold_with_subset_penalty,20,10,0.8,0.1,0.2,5,
72,improved_ga,SVM,0.932517,0.920676,0.934573,0.930764,0.54391,0.328579,70.049212,0.87249,69.176722,16,7,0.5625,improved_ga,0.937658,Logistic Regression,macro_f1_cv_3fold_with_subset_penalty,20,10,0.8,0.1,0.2,5,
72,nca,Logistic Regression,0.928961,0.918472,0.930745,0.927498,11.687797,0.000696,302.563557,11.688493,290.875064,16,6,0.625,,,,,,,,,,,6
72,nca,Random Forest,0.929833,0.919207,0.932791,0.927412,5.920058,0.074839,296.869961,5.994897,290.875064,16,6,0.625,,,,,,,,,,,6
72,nca,SVM,0.928668,0.917003,0.930804,0.92679,0.421375,0.300264,291.596703,0.721639,290.875064,16,6,0.625,,,,,,,,,,,6
82,baseline,Logistic Regression,0.928115,0.914433,0.928493,0.928667,0.527135,0.000694,0.52783,0.52783,0.0,16,16,0.0,,,,,,,,,,,
82,baseline,Random Forest,0.932892,0.923246,0.93346,0.932964,11.327783,0.069204,11.396987,11.396987,0.0,16,16,0.0,,,,,,,,,,,
82,baseline,SVM,0.94087,0.929122,0.941939,0.94043,0.569231,0.339005,0.908235,0.908235,0.0,16,16,0.0,,,,,,,,,,,
82,vanilla_ga,Logistic Regression,0.929671,0.916269,0.930164,0.930151,0.155393,0.000502,85.715448,0.155895,85.559553,16,8,0.5,vanilla_ga,0.937324,Logistic Regression,macro_f1_cv_3fold_with_subset_penalty,20,10,0.8,0.1,0.1,3,
82,vanilla_ga,Random Forest,0.938175,0.927653,0.938626,0.938315,6.048769,0.070781,91.679104,6.11955,85.559553,16,8,0.5,vanilla_ga,0.937324,Logistic Regression,macro_f1_cv_3fold_with_subset_penalty,20,10,0.8,0.1,0.1,3,
82,vanilla_ga,SVM,0.942243,0.931326,0.943157,0.941861,0.54577,0.338623,86.443946,0.884393,85.559553,16,8,0.5,vanilla_ga,0.937324,Logistic Regression,macro_f1_cv_3fold_with_subset_penalty,20,10,0.8,0.1,0.1,3,
82,improved_ga,Logistic Regression,0.929148,0.915902,0.92967,0.929474,0.252645,0.000654,76.377248,0.253299,76.123949,16,9,0.4375,improved_ga,0.937245,Logistic Regression,macro_f1_cv_3fold_with_subset_penalty,20,10,0.8,0.1,0.2,5,
82,improved_ga,Random Forest,0.936114,0.925817,0.936694,0.936305,8.736764,0.070959,84.931672,8.807722,76.123949,16,9,0.4375,improved_ga,0.937245,Logistic Regression,macro_f1_cv_3fold_with_subset_penalty,20,10,0.8,0.1,0.2,5,
82,improved_ga,SVM,0.942587,0.931693,0.943553,0.942202,0.572052,0.328293,77.024294,0.900345,76.123949,16,9,0.4375,improved_ga,0.937245,Logistic Regression,macro_f1_cv_3fold_with_subset_penalty,20,10,0.8,0.1,0.2,5,
82,nca,Logistic Regression,0.93059,0.917371,0.930526,0.931361,7.131337,0.000721,184.193151,7.132057,177.061093,16,6,0.625,,,,,,,,,,,6
82,nca,Random Forest,0.934191,0.923246,0.934188,0.934484,5.857852,0.07299,182.991935,5.930842,177.061093,16,6,0.625,,,,,,,,,,,6
82,nca,SVM,0.938418,0.927286,0.939735,0.937692,0.415272,0.296071,177.772436,0.711343,177.061093,16,6,0.625,,,,,,,,,,,6
