seed,ga_variant,generation,nevals,avg_fitness,max_fitness
42,vanilla_ga,0,20,0.8989655218476033,0.9342184729706746
42,vanilla_ga,1,14,0.9136170208060536,0.9351131188823808
42,vanilla_ga,2,18,0.9330557982318389,0.9353629702744465
42,vanilla_ga,3,18,0.9330417024209886,0.9352702395866694
42,vanilla_ga,4,12,0.9341971021710253,0.9357016998956607
42,vanilla_ga,5,17,0.9348856305228626,0.9357016998956607
42,vanilla_ga,6,15,0.9352923924288898,0.9357016998956607
42,vanilla_ga,7,20,0.9355432672824164,0.935840048734001
42,vanilla_ga,8,20,0.9356943230316318,0.935840048734001
42,vanilla_ga,9,17,0.9356049045281708,0.935840048734001
42,vanilla_ga,10,16,0.9357896648633715,0.935840048734001
42,improved_ga,0,20,0.8989655218476033,0.9342184729706746
42,improved_ga,1,15,0.9319274591188854,0.9356329592028858
42,improved_ga,2,14,0.9342173931131702,0.9356329592028858
42,improved_ga,3,14,0.9353370867533917,0.9360345333424634
42,improved_ga,4,18,0.9356541796043956,0.9361497527187869
42,improved_ga,5,16,0.9357497601801754,0.9361497527187869
42,improved_ga,6,20,0.9138371878471421,0.9361497527187869
42,improved_ga,7,18,0.9345030897304142,0.9361497527187869
42,improved_ga,8,17,0.9353600834566237,0.9361497527187869
42,improved_ga,9,16,0.936121408374453,0.9361497527187869
42,improved_ga,10,20,0.9361497527187869,0.9361497527187869
52,vanilla_ga,0,20,0.9038089036192367,0.9350500488220846
52,vanilla_ga,1,18,0.932630349696286,0.9352295701305294
52,vanilla_ga,2,11,0.9341227916330302,0.935536711242955
52,vanilla_ga,3,16,0.9350382585714623,0.935536711242955
52,vanilla_ga,4,15,0.9353537267086878,0.9358373902774689
52,vanilla_ga,5,16,0.9354743524510919,0.9362948324272272
52,vanilla_ga,6,12,0.9356329445397666,0.9362948324272272
52,vanilla_ga,7,13,0.935486802765902,0.9362948324272272
52,vanilla_ga,8,16,0.9361985514294455,0.9362948324272272
52,vanilla_ga,9,14,0.9362948324272271,0.9362948324272272
52,vanilla_ga,10,18,0.9361558827990615,0.9362948324272272
52,improved_ga,0,20,0.9038089036192367,0.9350500488220846
52,improved_ga,1,13,0.9332981130273248,0.9355581772703895
52,improved_ga,2,18,0.9351719705813556,0.9357447218660794
52,improved_ga,3,20,0.9348877439194585,0.9356140841601741
52,improved_ga,4,16,0.9355731094413018,0.9356140841601741
52,improved_ga,5,16,0.9355319023289855,0.9356140841601741
52,improved_ga,6,18,0.9352545093120508,0.9356140841601741
52,improved_ga,7,14,0.9355620074395024,0.9356140841601741
52,improved_ga,8,16,0.9356140841601743,0.9356140841601741
52,improved_ga,9,18,0.9355867097248348,0.9356140841601741
52,improved_ga,10,17,0.9353103824882025,0.935686415543718
62,vanilla_ga,0,20,0.9233921612846607,0.9358376185380766
62,vanilla_ga,1,16,0.9301941458867763,0.9355203288479078
62,vanilla_ga,2,20,0.9335363734749281,0.9355203288479078
62,vanilla_ga,3,12,0.9351155580603153,0.9360063591246962
62,vanilla_ga,4,20,0.9355820733990212,0.9360063591246962
62,vanilla_ga,5,18,0.9357597239187113,0.9360063591246962
62,vanilla_ga,6,10,0.9357737409668869,0.9360063591246962
62,vanilla_ga,7,12,0.9358404229698538,0.9360063591246962
62,vanilla_ga,8,16,0.9353127865004625,0.9363417942179498
62,vanilla_ga,9,16,0.9360399026340216,0.9363417942179498
62,vanilla_ga,10,17,0.9360012890671499,0.9363417942179498
62,improved_ga,0,20,0.9233921612846607,0.9358376185380766
62,improved_ga,1,15,0.9193755327781178,0.9358376185380766
62,improved_ga,2,18,0.9350095209552295,0.9362014801906348
62,improved_ga,3,20,0.935751592591596,0.9362014801906348
62,improved_ga,4,16,0.9358041719426062,0.9362014801906348
62,improved_ga,5,11,0.9361785360953171,0.9362014801906348
62,improved_ga,6,14,0.9355857276167617,0.9362014801906348
62,improved_ga,7,16,0.9355972330801716,0.9362014801906348
62,improved_ga,8,12,0.9359378682558959,0.9362014801906348
62,improved_ga,9,19,0.9355548836607982,0.9362014801906348
62,improved_ga,10,17,0.9360118101790424,0.9362014801906348
72,vanilla_ga,0,20,0.9267894983781477,0.9350999594645265
72,vanilla_ga,1,16,0.9316712441479925,0.9355477990342954
72,vanilla_ga,2,14,0.9341746272883735,0.9355477990342954
72,vanilla_ga,3,17,0.9350142973313222,0.9354156744071226
72,vanilla_ga,4,14,0.9351544362287134,0.9356000481255592
72,vanilla_ga,5,20,0.9353938143503907,0.9364467993602699
72,vanilla_ga,6,12,0.9358317082189229,0.9365716175908397
72,vanilla_ga,7,20,0.9362682236257177,0.9366932293209184
72,vanilla_ga,8,16,0.9360322544681321,0.9366932293209184
72,vanilla_ga,9,15,0.9365488087324485,0.936892732867969
72,vanilla_ga,10,18,0.9367056406002696,0.936892732867969
72,improved_ga,0,20,0.9267894983781477,0.9350999594645265
72,improved_ga,1,18,0.9334744320330504,0.9351170368742365
72,improved_ga,2,14,0.934892820823009,0.9351170368742365
72,improved_ga,3,14,0.9350890778999288,0.9351530263427633
72,improved_ga,4,18,0.9348478857858323,0.9353008263221552
72,improved_ga,5,16,0.9352071258734249,0.9359121919155368
72,improved_ga,6,12,0.9352401924521448,0.9359121919155368
72,improved_ga,7,11,0.9353752011027774,0.9360465702539694
72,improved_ga,8,16,0.9339177099854243,0.9359121919155368
72,improved_ga,9,18,0.9356689160682821,0.9376584630535825
72,improved_ga,10,14,0.9354116417062087,0.9376584630535825
82,vanilla_ga,0,20,0.9242982605209379,0.9360940153325044
82,vanilla_ga,1,16,0.921931401648464,0.9360940153325044
82,vanilla_ga,2,16,0.9356266301105369,0.9365519457487841
82,vanilla_ga,3,16,0.9360312936537403,0.9369408728132237
82,vanilla_ga,4,18,0.9362286591239203,0.9365519457487841
82,vanilla_ga,5,18,0.9364500048682881,0.9368507686277597
82,vanilla_ga,6,18,0.9365376561382825,0.9368636261547424
82,vanilla_ga,7,14,0.9361326671848198,0.9368636261547424
82,vanilla_ga,8,18,0.9367475396167475,0.9369408728132237
82,vanilla_ga,9,19,0.936458318298081,0.9369625409075518
82,vanilla_ga,10,18,0.936359838980177,0.937324428384567
82,improved_ga,0,20,0.9242982605209379,0.9360940153325044
82,improved_ga,1,12,0.9348188149676862,0.9368689263907716
82,improved_ga,2,16,0.9359454251006303,0.9370743509847429
82,improved_ga,3,17,0.936511674697314,0.9370743509847429
82,improved_ga,4,15,0.9362660385893087,0.9371071813232558
82,improved_ga,5,16,0.9369761659344242,0.9371071813232558
82,improved_ga,6,18,0.937028885967049,0.9372447332381841
82,improved_ga,7,16,0.9370775635578952,0.9372447332381841
82,improved_ga,8,10,0.9367181482024088,0.9372447332381841
82,improved_ga,9,18,0.9372447332381842,0.9372447332381841
82,improved_ga,10,18,0.9369801337469603,0.9372447332381841
